fileName,wordCount,ttr
95.txt,1396,0.3681948424068768
122.txt,1211,0.4624277456647399
1.txt,1050,0.43523809523809526
78.txt,891,0.4601571268237935
67.txt,839,0.5232419547079857
100.txt,1689,0.3339253996447602
136.txt,684,0.5497076023391813
109.txt,1208,0.4908940397350993
111.txt,829,0.5548854041013269
35.txt,1801,0.410882842865075
